<?xml version="1.0" encoding="UTF-8"?>
<!-- vi: set et smarttab sw=4 tabstop=4: -->
<!--
Copyright © 2017 zhiyifang and others. All rights reserved.

This program and the accompanying materials are made available under the
terms of the Eclipse Public License v1.0 which accompanies this distribution,
and is available at http://www.eclipse.org/legal/epl-v10.html
-->
<blueprint xmlns="http://www.osgi.org/xmlns/blueprint/v1.0.0"
  xmlns:odl="http://opendaylight.org/xmlns/blueprint/v1.0.0"
  odl:use-default-for-reference-types="true">
<!-- 需要调用的接口 -->
  <reference id="dataBroker"
    interface="org.opendaylight.controller.md.sal.binding.api.DataBroker"
    odl:type="default" />
  <odl:rpc-service id="salFlowService" interface="org.opendaylight.yang.gen.v1.urn.opendaylight.flow.service.rev130819.SalFlowService"/>
  <reference id="notificationPublishService"
    interface="org.opendaylight.controller.md.sal.binding.api.NotificationPublishService"/>
<!-- 接口赋值给相应的类 -->
  <bean id="provider"
    class="org.opendaylight.defender.impl.DefenderProvider"
    init-method="init" destroy-method="close">
    <argument ref="dataBroker" />
  </bean>
  <bean id="defenderRPCImpl"
    class="org.opendaylight.defender.impl.DefenderRPCImpl">
    <argument ref="dataBroker"/>
  </bean>
  <bean id="handlerModule"
    class="org.opendaylight.defender.impl.HandlerModule">
    <argument ref="dataBroker"/>
    <argument ref="salFlowService"/>  
  </bean>
  <bean id="packetHandler"
    class="org.opendaylight.defender.impl.PacketHandler">
    <argument ref="dataBroker"/>
    <argument ref="notificationPublishService"/>  
  </bean>
<!-- 注册notification的接收者和RPC的实现类 -->
  <odl:notification-listener ref="handlerModule"/>
  <odl:notification-listener ref="packetHandler"/>
  <odl:rpc-implementation ref="defenderRPCImpl"/>
</blueprint>
