<?xml version="1.0" encoding="UTF-8"?>
<!-- vi: set et smarttab sw=4 tabstop=4: -->
<!--
Copyright © 2017 zhiyifang and others. All rights reserved.

This program and the accompanying materials are made available under the
terms of the Eclipse Public License v1.0 which accompanies this distribution,
and is available at http://www.eclipse.org/legal/epl-v10.html
-->
<features name="odl-defender-${project.version}" xmlns="http://karaf.apache.org/xmlns/features/v1.2.0"
  xmlns:xsi="http://www.w3.org/2001/XMLSchema-instance"
  xsi:schemaLocation="http://karaf.apache.org/xmlns/features/v1.2.0 http://karaf.apache.org/xmlns/features/v1.2.0">
  <repository>mvn:org.opendaylight.yangtools/features-yangtools/{{VERSION}}/xml/features</repository>
  <repository>mvn:org.opendaylight.controller/features-mdsal/{{VERSION}}/xml/features</repository>
  <repository>mvn:org.opendaylight.mdsal.model/features-mdsal-model/{{VERSION}}/xml/features</repository>
  <repository>mvn:org.opendaylight.netconf/features-restconf/{{VERSION}}/xml/features</repository>
  <repository>mvn:org.opendaylight.dluxapps/features-dluxapps/{{VERSION}}/xml/features</repository>
  
  <repository>mvn:org.opendaylight.openflowplugin/features-openflowplugin/${openflowplugin.version}/xml/features</repository>
  <repository>mvn:org.opendaylight.l2switch/features-l2switch/${l2switch.version}/xml/features</repository>
  
  <feature name='odl-defender-api' version='${project.version}' description='OpenDaylight :: defender :: api'>
    <feature version='${mdsal.model.version}'>odl-mdsal-models</feature>
    <bundle>mvn:org.opendaylight.defender/defender-api/{{VERSION}}</bundle>
  </feature>
  <feature name='odl-defender' version='${project.version}' description='OpenDaylight :: defender'>
    <feature version='${mdsal.version}'>odl-mdsal-broker</feature>
    <feature version='${project.version}'>odl-defender-api</feature>
    <bundle>mvn:org.opendaylight.defender/defender-impl/{{VERSION}}</bundle>
  </feature>
  <feature name='odl-defender-rest' version='${project.version}' description='OpenDaylight :: defender :: REST'>
    <feature version="${project.version}">odl-defender</feature>
    <feature version="${restconf.version}">odl-restconf</feature>
  </feature>
  <feature name='odl-defender-ui' version='${project.version}' description='OpenDaylight :: defender :: UI'>
    <feature version="${project.version}">odl-defender-rest</feature>
    <feature version="${restconf.version}">odl-mdsal-apidocs</feature>
    <feature version="${dluxapps.version}">odl-dluxapps-yangman</feature>
  </feature>
  <feature name='odl-defender-cli' version='${project.version}' description='OpenDaylight :: defender :: CLI'>
    <feature version="${project.version}">odl-defender</feature>
    <bundle>mvn:org.opendaylight.defender/defender-cli/{{VERSION}}</bundle>
  </feature>

</features>
